REF,POS,ALT,MinAF,MaxAF,NumSamples,SampleNames,MutationCluster
A,507,C,0.12801500000000002,0.12801500000000002,1,SRR12733663,-77
ATGGTCATGTTATGGT,507,A,0.78022,0.78022,1,SRR11954098,-104
C,3773,A,0.065388,0.065388,1,SRR11953888,-290
C,3773,T,0.068264,0.068264,1,SRR12733431,-291
C,21658,T,0.772321,0.772321,1,SRR11954112,-31
C,21658,G,0.134054,0.162875,3,"SRR11954293,SRR11953816,SRR11954031",46
G,29742,C,0.065622,0.065622,1,SRR12733691,-172
G,29742,T,0.077562,0.077562,1,SRR11953888,-173
