,REF,POS,ALT,MinAF,MaxAF,NumSamples,SampleNames,MutationCluster
4,C,25916,T,0.885542,0.95325,11,"SRR12734135,SRR12733446,SRR11953824,SRR12733999,SRR12734114,SRR12734113,SRR11954269,SRR11953689,SRR12733945,SRR11953860,SRR11953802",256
5,C,25916,A,0.105672,0.9286209999999999,6,"SRR12733570,SRR12733919,SRR12733625,SRR12733617,SRR12733523,SRR12733924",264
0,C,26625,A,0.054877999999999996,0.110553,2,"SRR12733853,SRR11953821",280
1,C,26625,T,0.911111,0.9417260000000001,5,"SRR11954034,SRR12733487,SRR12733809,SRR11953911,SRR11953926",271
2,C,26625,A,0.054877999999999996,0.110553,2,"SRR12733853,SRR11953821",280
3,C,26625,T,0.911111,0.9417260000000001,5,"SRR11954034,SRR12733487,SRR12733809,SRR11953911,SRR11953926",271
