REF,POS,ALT,MinAF,MaxAF,NumSamples,SampleNames,MutationCluster
ATGGTCATGTTATGGT,507,A,0.78022,0.78022,1,SRR11954098,-30
GGTCATGTTA,509,G,0.068426,0.068426,1,SRR11953787,-19
TGTTATG,514,T,0.729927,0.729927,1,SRR12733890,-122
GTTA,515,G,0.17680099999999999,0.17680099999999999,1,SRR11953746,-38
AAGTCATTTG,686,A,0.064576,0.064576,1,SRR12733765,-27
CTGAGATTCCTAAAGAGGAAGT,3876,C,0.59565,0.636692,2,"SRR11953847,SRR11954013",168
AG,5198,A,0.07971,0.07971,1,SRR12733894,-29
TAAAAATTACAGAAGAGGTTGG,6516,T,0.114445,0.114445,1,SRR11953826,-128
TG,11082,T,0.05527000000000001,0.09490599999999999,7,"SRR12733690,SRR11953889,SRR12733406,SRR12733837,SRR11954125,SRR12733492,SRR12733905",113
TG,12902,T,0.051672,0.058667,2,"SRR12733430,SRR12733361",104
TTTA,20422,T,0.08042,0.08042,1,SRR12733765,-120
TTTTGGGTGTTTA,21981,T,0.416178,0.416178,1,SRR12733966,-386
TTTA,21990,T,0.076238,0.11682200000000001,2,"SRR12733765,SRR12733421",167
ATTCTACAGG,23469,A,0.1,0.1,1,SRR12733514,-21
CG,25854,C,0.067511,0.067511,1,SRR12733319,-211
TACGATCG,29748,T,0.390728,0.390728,1,SRR12733448,-127
ACGATCGAGTG,29749,A,0.360215,0.360215,1,SRR12733448,-28
CAGTGAACAAT,29762,C,0.107847,0.107847,1,SRR12733841,-210
