,Sample,REF,POS,ALT,AF,Cluster
4,SRR11953813,A,459,T,0.068027,0
1,SRR11953813,G,458,C,0.068966,0
3,SRR11953821,A,459,T,0.11965799999999999,0
0,SRR11953821,G,458,C,0.112069,0
5,SRR11953939,A,459,T,0.067797,0
2,SRR11953939,G,458,C,0.06285700000000001,0
8,SRR12733441,A,29188,G,0.052434,1
6,SRR12733441,C,29187,T,0.052829999999999995,1
9,SRR12733448,A,29188,G,0.050289999999999994,1
7,SRR12733448,C,29187,T,0.052023,1
